productName,Sales Description,SKU,Type,Sales Price / Rate,Income Account,Purchase Description,Purchase Cost,Expense Account,Quantity on Hand,Reorder Point,Inventory Asset Account,Quantity as-of Date
Eggplant Long Green Per Lb,-672094,FP1001,Inventory,,,20-Lb,,,,,,
Eggplant Thai Per Lb, - 672095,FP1002,Inventory,,,30-Lb,,,,,,
Eggplant Graffiti Small Per Lb, - 672089,FP1003,Inventory,,,30-Lb,,,,,,
Eggplant Indian Per Lb,Eggplant indian Mexico - 672090,FP1004,Inventory,,,30-Lb,,,,,,
Eggplant Chinese Per Lb, - 672037,FP1005,Inventory,,,30-Lb,,,,,,
Eggplant Italian Per Lb,TBD -Eggplant- Italian Mexico - 672093,FP1006,Inventory,,,25-Lb,,,,,,
Eggplant American Ea,Eggplant 24 CT - 672035,FP1007,Inventory,,,24-Ea,,,,,,
Coconut Young Ea,TBD -Coconut Young 9s Thailand/ Coconut Fresh Thai 9 Pcs - 672021,FP1008,Inventory,,,9-Ea,,,,,,
Coconut Ea,TBD -Coconut Brown Mexico - 672013,FP1009,Inventory,,,20-Ea,,,,,,
Coconut Green Ea,TBD -Coconut Green Mexico - 672020,FP1010,Inventory,,,6-Ea,,,,,,
Coconut Dry Ea, - 672019,FP1011,Inventory,,,20-Ea,,,,,,
Onion Red Per Lb, - ,FP1012,Inventory,,,NP,,,,,,
Onion Yellow Per Lb, - ,FP1013,Inventory,,,NP,,,,,,
Onion White Per Lb,TBD -Onion White Med 50# - ,FP1014,Inventory,,,NP,,,,,,
Onion Shallot Per Lb, - 671929,FP1015,Inventory,,,40-Lb,,,,,,
Onion Yellow Bag 50Lb Ea,50 LB Yellow Onions Med - 671933,FP1016,Inventory,,,1-Ea,,,,,,
Onion Red Bag 50Lb Ea,40LB Red Onion/ Red onion JBO - 671925,FP1017,Inventory,,,1-Ea,,,,,,
Onion Red Bag 25Lb Ea,"25 LB Red Onion, Med - 671926",FP1018,Inventory,,,1-Ea,,,,,,
Onion Pearl Red Ea, - 671922,FP1019,Inventory,,,12-Ea,,,,,,
Potato Red Big Per Lb,TBD - Potato Red - 671995,FP1020,Inventory,,,50-Lb,,,,,,
Potato White Big Per Lb,White Potato A - 672017,FP1021,Inventory,,,50-Lb,,,,,,
Potato Russet Per Lb,TBD - Potato 40s/90s - 672611,FP1022,Inventory,,,50-Lb,,,,,,
Potato Russet 5Lb Ea,TBD -Potato 10-5# - 672012,FP1023,Inventory,,,10-Ea,,,,,,
Potato Russet 10Lb Ea,TBD -Potato 5-10# - 672011,FP1024,Inventory,,,5-Ea,,,,,,
Mango Green Lb, - 671881,FP1025,Inventory,,,50-Lb,,,,,,
Arbi/Taro Small Per Lb,Taro Baby/ EDO Malanga 30 LB - 672073,FP1026,Inventory,,,40-Lb,,,,,,
Lime Ea,TBD -Lime 175s Mexico/ Mexican Limes 230 CT Fancy - 671875,FP1027,Inventory,,,200-Ea,,,,,,
Lemon Ea,TBD -Lemon 140s mexico/ lemon 115s - 671874,FP1028,Inventory,,,115-Ea,,,,,,
Okra India Per Lb, - 671916,FP1029,Inventory,,,13-Lb,,,,,,
Okra Regular Per Lb, - 671917,FP1030,Inventory,,,13-Lb,,,,,,
Ram Tori Per Lb,TBD -Patora Mexico/ TBD -Squash Moap 30 LBS - 672092,FP1031,Inventory,,,30-Lb,,,,,,
Karela Per Lb,TBD -Bittermelon- Indian Mexico - 671817,FP1032,Inventory,,,30-Lb,,,,,,
Tindora Per Lb, - 672109,FP1033,Inventory,,,30-Lb,,,,,,
Carrot Baby Pack Ea, - 671958,FP1034,Inventory,,,30-Ea,,,,,,
Carrot Jumbo Per Lb,TBD -Carrot 25# Mexico - 671960,FP1035,Inventory,,,25-Lb,,,,,,
Cabbage Per Lb,TBD -Cabbage Green - 671903,FP1036,Inventory,,,50-Lb,,,,,,
Cauliflower Ea, - 671969,FP1037,Inventory,,,12-Ea,,,,,,
Bean Green Per Lb,TBD -Green Bean Mexico - 671845,FP1038,Inventory,,,30-Lb,,,,,,
Bean Long (Dark Green) Per Lb,TBD -Green Bean- Long Mexico - 671848,FP1039,Inventory,,,30-Lb,,,,,,
Lettuce Ea,TBD -Lettuce Wrap 24s - 671876,FP1040,Inventory,,,24-Ea,,,,,,
Bean Guvar Per Lb, - 671847,FP1041,Inventory,,,25-Lb,,,,,,
Parval Per Lb, - 672091,FP1042,Inventory,,,30-Lb,,,,,,
Mushroom Box,TBD -Mushroom Cello - 671911,FP1043,Inventory,,,12-Ea,,,,,,
Drumsticks Per Lb, - 672081,FP1044,Inventory,,,30-Lb,,,,,,
Opo Long Per Lb,Opo 40# mexico/ Squash Oppo Long AG/AE - 672055,FP1045,Inventory,,,40-Lb,,,,,,
Opo Round Per Lb, - 672059,FP1046,Inventory,,,40-Lb,,,,,,
Sinqua Per Lb,TBD -Singkwa- Mexico - 672099,FP1047,Inventory,,,30-Lb,,,,,,
Tinda Punjabi Per Lb,Squash Tinda - 672108,FP1048,Inventory,,,30-Lb,,,,,,
Bean Valor Flat Per Lb, - 671864,FP1049,Inventory,,,20-Lb,,,,,,
Dosakai Per Lb, - 672078,FP1050,Inventory,,,40-Lb,,,,,,
Pumpkin Yellow Per Lb,600lbs LBS Kadu Squash - 672057,FP1051,Inventory,,,/L-Lb,,,,,,
Pumpkin White Per Lb,750lbs -LBS Donqua/ White Petha/petha wintermelon - 672056,FP1052,Inventory,,,/L-Lb,,,,,,
Turnip Per Lb, - 672045,FP1053,Inventory,,,25-Lb,,,,,,
Mooli/Daikon Per Lb,Diakon with Leaf - 672058,FP1054,Inventory,,,40-Lb,,,,,,
Beetroot Per Lb, - 671889,FP1055,Inventory,,,25-Lb,,,,,,
Broccoli Per Lb,TBD -Broccali Crown - 671898,FP1056,Inventory,,,20-Lb,,,,,,
Avocado Ea,Avocado 60s Mexico - 671786,FP1057,Inventory,,,70-Ea,,,,,,
Bean Garbanzo S Per Lb, - 671810,FP1058,Inventory,,,15-Lb,,,,,,
Bean Fava S Per Lb, - 671809,FP1059,Inventory,,,20-Lb,,,,,,
Banana Plantain Per Lb,TBD -Banana Plantain Green Columbia/ Banana Chiquita - 671806,FP1060,Inventory,,,40-Lb,,,,,,
Corn Yellow Ea, - 672025,FP1061,Inventory,,,48-Ea,,,,,,
Radish Red Per Lb,Radish Sack - 672043,FP1062,Inventory,,,25-Lb,,,,,,
Chayote, - 672076,FP1063,Inventory,,,40-Lb,,,,,,
Cabbage Red Per Lb, - 671955,FP1064,Inventory,,,50-Lb,,,,,,
Banana Leaves Ea, - 671841,FP1065,Inventory,,,30-Lb,,,,,,
Methi Bunch Ea,TBD -Leaf- Methi - 671862,FP1066,Inventory,,,24-Ea,,,,,,
Drumstick Leaves Per Lb, - 671855,FP1067,Inventory,,,10-Lb,,,,,,
Cilantro Ea, - 671844,FP1068,Inventory,,,60-Ea,,,,,,
Leaf Paan 5 Pack Ea,Pann Box/ Leaves Paan Hawaii - 671837,FP1069,Inventory,,,250-Ea,,,,,,
Banana Flower Per Lb, - 671840,FP1070,Inventory,,,30-Lb,,,,,,
Saag Mustard Bunch Ea, - 671866,FP1071,Inventory,,,24-Ea,,,,,,
Leaf Curry Pach Ea, - 671853,FP1072,Inventory,,,300-Ea,,,,,,
Onion Spring Ea,TBD -Onion-Green Mexico 4dz/ Onions Green WTBD - FP1431 1 carton - 671930,FP1073,Inventory,,,48-Ea,,,,,,
Asparagus Bunch Ea, - 671839,FP1074,Inventory,,,11-Ea,,,,,,
Gongura Leaves Bunch Ea, - 671827,FP1075,Inventory,,,40-Ea,,,,,,
Red Leaves Per Lb,TBD -Indian Red Leaf - 671869,FP1076,Inventory,,,20-Lb,,,,,,
Spinach Bunch, - 671871,FP1077,Inventory,,,24-Ea,,,,,,
Spinach Small Bag Ea,TBD -Spinach Cello 12x10oz - 671872,FP1078,Inventory,,,12-Ea,,,,,,
Spinach Big Bag Ea, - 672047,FP1079,Inventory,,,1-Ea,,,,,,
Dil Leaves Bunch,TBD -Dz Baby Dill Mexico - 671854,FP1080,Inventory,,,60-Ea,,,,,,
Mint Ea,TBD -Dz. Mint (17cs) - 671863,FP1081,Inventory,,,60-Ea,,,,,,
Aloevera Ea, - 671838,FP1082,Inventory,,,25-Lb,,,,,,
Saag Rapini Bunch Ea,TBD -Rapini - 671868,FP1083,Inventory,,,20-Ea,,,,,,
Bathua Bunch Ea, - 671842,FP1084,Inventory,,,20-Ea,,,,,,
Kale Bunch Ea, - 671859,FP1085,Inventory,,,24-Ea,,,,,,
Garlic Loose Per Lb, - 671790,FP1086,Inventory,,,30-Lb,,,,,,
Ginger Fresh Per Lb,TBD -Ginger China 30# - 671794,FP1087,Inventory,,,30-Lb,,,,,,
Turmeric White Per Lb, - 672069,FP1088,Inventory,,,25-Lb,,,,,,
Turmeric Yellow Per Lb,Turmeric yellow Fiji - 672070,FP1089,Inventory,,,25-Lb,,,,,,
Garlic Peeled Per Lb, - 671792,FP1090,Inventory,,,1-Lb,,,,,,
Garlic Peeled 5Lb Bag Ea,TBD-Garlic Peeled 6x5#china - 671791,FP1091,Inventory,,,6-Ea,,,,,,
Garlic Bunch Ea,TBD -Garlic Cello 30#- China - 671782,FP1092,Inventory,,,48-Ea,,,,,,
Tomato Jumbo Per Lb,Loose Tomato - 672066,FP1093,Inventory,,,25-Lb,,,,,,
Tomato Roma Per Lb, - 672072,FP1094,Inventory,,,25-Lb,,,,,,
Tomato Cluster Per Lb, - 672064,FP1095,Inventory,,,10-Lb,,,,,,
Chili Thai Per Lb,TBD -Chilli-Thai Green Dom Rep - 672005,FP1096,Inventory,,,30-Lb,,,,,,
Chili Hot Indian Long Per Lb,Chili- Indian Long Dominican 10#/ Finger Hot Chilli - 671997,FP1097,Inventory,,,25-Lb,,,,,,
Chili Serrano Per Lb, - 672003,FP1098,Inventory,,,38-Lb,,,,,,
Chili Yellow Per Lb, - 672008,FP1099,Inventory,,,28-Lb,,,,,,
Chili Jalapeno Per Lb,TBD - Chili Jalapeno 38# - 671998,FP1100,Inventory,,,38-Lb,,,,,,
Bell Pepper Green Per Lb,TBD -Bell Pepper Green 24# - 671976,FP1101,Inventory,,,25-Lb,,,,,,
Bell Pepper Yellow Per Lb,TBD -Bell Yellow 11# Mexico - 672007,FP1102,Inventory,,,25-Lb,,,,,,
Bell Pepper Red Per Lb, - 672002,FP1103,Inventory,,,15-Lb,,,,,,
Bell Pepper Orange Per Lb, - 672001,FP1104,Inventory,,,24-Lb,,,,,,
Cucumber Field Per Lb,TBD -Cucumber Mexico - 672027,FP1105,Inventory,,,50-Lb,,,,,,
Cucumber Persian Per Lb,Pickle Persian Mexico - 672028,FP1106,Inventory,,,20-Lb,,,,,,
Cucumber Pickle Per Lb,TBD -Pickle 40# Mexico - 672029,FP1107,Inventory,,,40-Lb,,,,,,
Tar Indian Per Lb,TBD -Cucumber Indian - 672030,FP1108,Inventory,,,25-Lb,,,,,,
Cucumber English Ea, - 672026,FP1109,Inventory,,,12-Ea,,,,,,
Okra Apni Mandi Cut Per Lb, - ,FP1110,Inventory,,,1-,,,,,,
Apni Mandi Cut Cauliflower Per lb, - ,FP1111,Inventory,,,1-,,,,,,
Apni Mandi Cut Green Bell Pepper Per lb, - ,FP1112,Inventory,,,1-,,,,,,
Apni Mandi Cut Beans Per lb, - ,FP1113,Inventory,,,1-,,,,,,
Apni Mandi Cut Per lb, - ,FP1114,Inventory,,,1-,,,,,,
Apni Mandi Cut Mix Veg Per lb, - ,FP1115,Inventory,,,1-,,,,,,
Apni Mandi Cut Jack Fruit Per Lb,LBS Jackfruit Mexico - ,FP1116,Inventory,,,1-,,,,,,
Apni Mandi Cut Taro/Arvi Per Lb, - ,FP1117,Inventory,,,1-,,,,,,
Apni Mandi Cut Tindora Per Lb, - ,FP1118,Inventory,,,1-,,,,,,
Apni Mandi Green Sprouts Per lb, - ,FP1119,Inventory,,,1-,,,,,,
Apni Mandi Cut Yellow Pumpkin Per Lb, - ,FP1120,Inventory,,,1-,,,,,,
Apple Fuji Per Lb,Fuji 64 premium  - 671760,FP1121,Inventory,,,40-Lb,,,,,,
Banana Per Lb,TBD -Banana Turning Ecuador - 671805,FP1122,Inventory,,,40-Lb,,,,,,
Banana Baby Per Lb,TBD -Banana Baby Columbia - 671789,FP1123,Inventory,,,15-Lb,,,,,,
Orange Naval Per Lb, - 6719938,FP1124,Inventory,,,40-Lb,,,,,,
Orange Tangerine Per Lb,Tangerines Med - 671943,FP1125,Inventory,,,40-Lb,,,,,,
Papaya Green Papaya Per Lb, - 671945,FP1126,Inventory,,,35-Lb,,,,,,
Papaya Yellow Papaya Per Lb,TBD -Papaya Mexican- Mexico - 671947,FP1127,Inventory,,,32-Lb,,,,,,
Kiwi Per Lb, - 671818,FP1128,Inventory,,,25-Lb,,,,,,
Grapes Green Per Lb, - 671800,FP1129,Inventory,,,18-Lb,,,,,,
Grapes Red Per Lb,TBD -Grape Red SeedLess - 671801,FP1130,Inventory,,,18-Lb,,,,,,
Grapes Black Per Lb, - 671796,FP1131,Inventory,,,18-Lb,,,,,,
Melon Honeydew Per Lb, - 671905,FP1132,Inventory,,,25-Lb,,,,,,
Melon Cantaloupe Ea,TBD -Cantaloupe - 671887,FP1133,Inventory,,,12-Ea,,,,,,
Plum Red Per Lb, - 671987,FP1134,Inventory,,,18-Lb,,,,,,
Plum Black Per Lb, - 671986,FP1135,Inventory,,,18-Lb,,,,,,
Strawberry Box,"TBD -Berries, Strawberry 8/1LBS - 671896",FP1136,Inventory,,,8-Ea,,,,,,
Pomegranate Ea, - 671990,FP1137,Inventory,,,9-Lb,,,,,,
Guava Big Per Lb,TBD -Guava Fruit/ Thai Guava 19-20 Lb - 671813,FP1138,Inventory,,,20-Lb,,,,,,
Guava Mexican Box, - 671815,FP1139,Inventory,,,16-Ea,,,,,,
Mini Watermelon Ea, - 671907,FP1140,Inventory,,,6-Ea,,,,,,
Watermelon Big Ea,Watermelon 45CT/ Seedless - 671909,FP1141,Inventory,,,60-Ea,,,,,,
Blueberry Box, - 671895,FP1142,Inventory,,,12-Ea,,,,,,
Dragon Fruit Ea, - 672079,FP1143,Inventory,,,9-Ea,,,,,,
Peach Per Lb, - 671951,FP1144,Inventory,,,18-Lb,,,,,,
Banana Burro Per Lb,TBD - Banana- Saba Green Mexico - 671807,FP1145,Inventory,,,40-Lb,,,,,,
Apple Gala Small Per Lb,"gala 125, 163 - 671765",FP1146,Inventory,,,40-Lb,,,,,,
Papaya Hawaiian Papaya Ea,TBD - Papaya Hawaii - 671946,FP1147,Inventory,,,7-Ea,,,,,,
Chili Anahiem Es Per Lb, - 671968,FP1148,Inventory,,,20-Lb,,,,,,
Snake Gourd Per Lb, - 672101,FP1149,Inventory,,,30-Lb,,,,,,
Zucchini Green Per Lb,TBD -Zucchini 24# Mexico - 672032,FP1150,Inventory,,,24-Lb,,,,,,
Apni Mandi Cut Karela Per lb, - ,FP1151,Inventory,,,1-,,,,,,
Apni Mandi Cut Mix Bellpepper Per lb, - ,FP1152,Inventory,,,1-,,,,,,
Apni Mandi Cut Beetroot Per Lb, - ,FP1153,Inventory,,,1-,,,,,,
Apni Mandi Cut Cabbage Per Lb, - ,FP1154,Inventory,,,1-,,,,,,
Apni Mandi Moth Sprouts Per lb, - ,FP1155,Inventory,,,1-,,,,,,
Apni Mandi Chana Sprouts Per Lb, - ,FP1156,Inventory,,,1-,,,,,,
Apni Mandi Drumsticks Per lb, - ,FP1157,Inventory,,,1-,,,,,,
Apple Golden Delicious Per Lb,golden 72 - 671766,FP1158,Inventory,,,40-Lb,,,,,,
Apple Green Per Lb,Apple Granny - 671767,FP1159,Inventory,,,40-Lb,,,,,,
Melon Golden Ea, - 671902,FP1160,Inventory,,,1-Ea,,,,,,
Apple Sweetango Per Lb, - 671775,FP1161,Inventory,,,40-,,,,,,
Pineapple Ea, - 671984,FP1162,Inventory,,,6-Ea,,,,,,
Tamarind Sweet Box, - 672104,FP1163,Inventory,,,16-,,,,,,
Blackberry Box Ea, - 671890,FP1164,Inventory,,,12-Ea,,,,,,
Bok Choy Small Per Lb, - 671823,FP1165,Inventory,,,30-Lb,,,,,,
Corn White Ea, - 672022,FP1166,Inventory,,,48-Ea,,,,,,
Celery Bunch Ea,TBD -Celery Sleeve 30s - 671843,FP1167,Inventory,,,24-Ea,,,,,,
Onion Pearl White Ea, - 671923,FP1168,Inventory,,,12-Ea,,,,,,
Onion Pearl Yellow Ea, - 671924,FP1169,Inventory,,,12-Ea,,,,,,
Onion Red Boiler Bag Ea, - 671928,FP1170,Inventory,,,1-Ea,,,,,,
Carrot Purple Per Lb, - 671966,FP1171,Inventory,,,25-Lb,,,,,,
Kabocha Per Lb,TBD -Kabocha-Mexico - 672054,FP1172,Inventory,,,30-Lb,,,,,,
Squash Akron Per Lb, - 672049,FP1173,Inventory,,,1-Lb,,,,,,
Squash Butternut Per Lb, - 672051,FP1174,Inventory,,,35-Lb,,,,,,
Spaghetti Per Lb, - 672102,FP1175,Inventory,,,1-Lb,,,,,,
Green Leaves Bunch,Pulsagg Leaves - 671857,FP1176,Inventory,,,20-Lb,,,,,,
Peanut Roasted Per Lb, - 671956,FP1177,Inventory,,,50-Lb,,,,,,
Potato Red Small Per Lb, - 671996,FP1178,Inventory,,,50-Lb,,,,,,
Potato White Small Per Lb,TBD -Potato White Small(B) - 672023,FP1179,Inventory,,,50-Lb,,,,,,
Arbi/Taro Big Per Lb,TBD -Taro Big Mexico - 672107,FP1180,Inventory,,,40-Lb,,,,,,
Yam Red Per Lb, - 67038,FP1181,Inventory,,,40-Lb,,,,,,
Potato Sweet Per Lb, - 672016,FP1182,Inventory,,,40-Lb,,,,,,
Yam Japanese Per Lb, - 671993,FP1183,Inventory,,,40-Lb,,,,,,
Yuca Per Lb, - 672111,FP1184,Inventory,,,30-Lb,,,,,,
Saag Sarson Bunch Ea, - 671870,FP1185,Inventory,,,24-Ea,,,,,,
Carrot Shredded Baby Ea, - 671967,FP1187,Inventory,,,20-Ea,,,,,,
Ginger Organic Per Lb, - 671795,FP1188,Inventory,,,30-Lb,,,,,,
Peas English Per Lb,Green Peas - 671948,FP1189,Inventory,,,25-Lb,,,,,,
Chili Habenero Per Lb, - 671977,FP1190,Inventory,,,10-Lb,,,,,,
Kohlrabi Per Lb,TBD -Kolhrabi 12s - 672088,FP1191,Inventory,,,30-Lb,,,,,,
Orange Mandarin Orri Gold Cup Per Lb, - 671940,FP1192,Inventory,,,1-Lb,,,,,,
Peach White Per Lb, - 671952,FP1193,Inventory,,,18-Lb,,,,,,
Peach Yellow Per Lb, - 671953,FP1194,Inventory,,,18-Lb,,,,,,
Squash Summer Per Lb, - 672061,FP1195,Inventory,,,1-Lb,,,,,,
Apple Red Per Lb, - 671774,FP1196,Inventory,,,40-Lb,,,,,,
Chinese Bittermelon Per Lb, - 671816,FP1197,Inventory,,,30-Lb,,,,,,
Sheli Hon, - 671832,FP1198,Inventory,,,1-,,,,,,
Valor Round Per Lb, - 671852,FP1199,Inventory,,,20-Lb,,,,,,
Valor Long Per Lb, - 671850,FP1200,Inventory,,,20-Lb,,,,,,
Onion Mexican Ea, - 671919,FP1201,Inventory,,,24-Ea,,,,,,
Lychee Per Lb, - 671878,FP1202,Inventory,,,10-Lb,,,,,,
Cantola Per Lb, - 672075,FP1203,Inventory,,,1-Lb,,,,,,
Walnut Whole Per Lb,TBD -Walnut - 672110,FP1204,Inventory,,,50-Lb,,,,,,
Apni Mandi Cut Brocoli Per lb, - ,FP1205,Inventory,,,1-,,,,,,
Yo Choy Per Lb, - 671836,FP1208,Inventory,,,1-Lb,,,,,,
Gai Lan Per Lb, - 671826,FP1209,Inventory,,,1-Lb,,,,,,
Apni Mandi Cut Turnip Per lb, - ,FP1210,Inventory,,,1-,,,,,,
Parsley Bunch Ea, - 671867,FP1211,Inventory,,,60-Ea,,,,,,
Chili Fresno Red Per Lb, - 671971,FP1227,Inventory,,,10-Lb,,,,,,
Napa Leaf Per Per Lb,napa 45-50# tally - 671954,FP1228,Inventory,,,45-Lb,,,,,,
Apricot Per Lb, - 671780,FP1229,Inventory,,,13-Lb,,,,,,
Opo Indian,TBD -Opo Indian Mexico/ Long squash/ Indian Long Squash - 672052,FP1240,Inventory,,,40-Lb,,,,,,
Apni Mandi Cut And Clean Corn, - ,FP1241,Inventory,,,1-,,,,,,
Lettuce Romanie Ea, - 671861,FP1245,Inventory,,,24-Ea,,,,,,
Collard Green, - 671825,FP1246,Inventory,,,1-,,,,,,
Brussel Sprouts Per Lb,TBD -Brussel Sprouts - 671899,FP1247,Inventory,,,25-Lb,,,,,,
Nectarine Per Lb,Yellow Nectarine 80/84 CT - 671914,FP1248,Inventory,,,18-Lb,,,,,,
Pear Red Per Lb, - 671982,FP1249,Inventory,,,40-Lb,,,,,,
Sweet Mini Pepper Per Lb, - 672004,FP1250,Inventory,,,1-Lb,,,,,,
Ratalu Per Lb, - 672098,FP1251,Inventory,,,1-Lb,,,,,,
Fennel Leaves Bunch Ea, - 671819,FP1252,Inventory,,,24-Ea,,,,,,
Leek Bunch , - 671860,FP1253,Inventory,,,12-Ea,,,,,,
Organic Artichoke Ea, - 671784,FP1254,Inventory,,,1-Ea,,,,,,
Apni Mandi Cut White Pumpkin Per Lb, - ,FP1255,Inventory,,,1-,,,,,,
Mango Single Ea, - 671885,FP1256,Inventory,,,1-Ea,,,,,,
Jaggery per lb, - ,FP1257,Inventory,,,1-,,,,,,
Carrot Indian Per Lb, - 671963,FP1258,Inventory,,,25-Lb,,,,,,
Taro Leaf Per Lb, - 671873,FP1259,Inventory,,,20-Lb,,,,,,
Chili Thai Red Per Lb, - 672006,FP1260,Inventory,,,30-Lb,,,,,,
Mango Heden Box 9Pcs Ea, - 671883,FP1262,Inventory,,,1-Ea,,,,,,
Mango Tommy 9Pcs Ea, - 671886,FP1263,Inventory,,,1-Ea,,,,,,
Carrot Bag 2Lb,Carrot Cello 48x1# - 671959,FP1264,Inventory,,,48-Lb,,,,,,
Small Pomegranate Per Lb, - 671992,FP1265,Inventory,,,1-Lb,,,,,,
Orange Tangerine Bag 3Lb Approx.,Mandarin Bag 10-3# Cuties/Gold NUgget Manddari 10/3 - 671942,FP1266,Inventory,,,10-Ea,,,,,,
Peas Snow Lb, - 671949,FP1267,Inventory,,,10-Lb,,,,,,
Mango Leaves Bunch Ea, - 671830,FP1268,Inventory,,,1-Ea,,,,,,
Button Rose, - 672105,FP1269,Inventory,,,1-,,,,,,
Bag Ea, - ,FP1270,Inventory,,,1-Ea,,,,,,
Bell Pepper Mix Bag 1Lb, - 671970,FP1271,Inventory,,,1-Lb,,,,,,
Peas Sugar Snap Per Lb,TBD -Pea- Snap 10# - 671950,FP1272,Inventory,,,10-Lb,,,,,,
Mango Kent Box -12 Ea, - 671884,FP1274,Inventory,,,1-Ea,,,,,,
Onion Red Bag 3Lb, - 671927,FP1275,Inventory,,,1-Ea,,,,,,
Cherries Ranier Per Lb, - 671893,FP1276,Inventory,,,1-Lb,,,,,,
Apni Mandi Cut Corn 3Pcs, - ,FP1277,Inventory,,,1-,,,,,,
Apni Mandi Sambar Mix Per lb, - ,FP1284,Inventory,,,1-,,,,,,
Cherries Organic Per Lb, - 671891,FP1285,Inventory,,,1-Lb,,,,,,
Indian Kharbuja Per Lb, - 671906,FP1286,Inventory,,,1-Lb,,,,,,
Eggplant White Thai Per Lb, - 672100,FP1292,Inventory,,,1-Lb,,,,,,
Guava Baby Per Lb, - 671812,FP1300,Inventory,,,1-Lb,,,,,,
Grapefruit 5 For $1, - ,FP1301,Inventory,,,1-,,,,,,
Indian Petha Lb, - 672053,FP1303,Inventory,,,1-Lb,,,,,,
Eggplant Chinese Small Per Lb, - 672036,FP1304,Inventory,,,30-Lb,,,,,,
Saag Indian Bunch, - 671858,FP1355,Inventory,,,24-Ea,,,,,,
Maggi Noodle 2 For, - ,FP1363,Inventory,,,1-,,,,,,
Parle-G Biscuits 6 For $72, - ,FP1364,Inventory,,,1-,,,,,,
Parle Kreams, - ,FP1365,Inventory,,,1-,,,,,,
Threptin Diskettes 275G, - ,FP1369,Inventory,,,1-,,,,,,
Peanuts Raw Per Lb,TBD -Peanut Raw 50# - 671957,FP1374,Inventory,,,50-Lb,,,,,,
Jasmine Malli Flower, - 671781,FP1375,Inventory,,,1-,,,,,,
Lettuce Pacific Romaine Hearts 3 Pack, - 671877,FP1382,Inventory,,,24-,,,,,,
Lemon Grass Per Lb, - 671828,FP1384,Inventory,,,40-Lb,,,,,,
Apni Mandi Cut Yellow Papaya Per Lb, - ,FP1385,Inventory,,,1-,,,,,,
Pomegranate Cup Ea, - ,FP1386,Inventory,,,1-,,,,,,
Apni Mandi Cut Cantaloupe Tray, - ,FP1387,Inventory,,,1-,,,,,,
Apni Mandi Sweet Yellow Grapes Box Per Lb, - ,FP1388,Inventory,,,1-,,,,,,
Apni Mandi Sweet Black Grapes Box Per Lb, - ,FP1389,Inventory,,,1-,,,,,,
Tomato Grape Medley Per Lb, - 672065,FP1390,Inventory,,,1-Lb,,,,,,
Apni Mandi Mix Bell Papper Cut Per Lb, - ,FP1393,Inventory,,,1-,,,,,,
Coconut Bansi Dry 1Lb, - ,FP1396,Inventory,,,1-Lb,,,,,,
Chili Mix Thai Per Lb, - 672000,FP1397,Inventory,,,1-Lb,,,,,,
Artichoke 2 For$1, - ,FP1398,Inventory,,,1-,,,,,,
Mango Atulfo 6Pc Pack, - 671879,FP1399,Inventory,,,1-,,,,,,
Garlic South Sea Pearl Peeled 1Lb,TBD -Peeled Garlic 20x1 China - 671793,FP1400,Inventory,,,20-Ea,,,,,,
Basil Leaves, - 671821,FP1402,Inventory,,,1-,,,,,,
Moongra Per Lb, - 671851,FP1403,Inventory,,,1-Lb,,,,,,
Mushroom Loose Per Lb, - ,FP1404,Inventory,,,10-Lb,,,,,,
Pear Jct Singo 3Pcs Ea, - 671978,FP1406,Inventory,,,1-Ea,,,,,,
Tomato Mexican , - 672067,FP1407,Inventory,,,40-Lb,,,,,,
Onion White 50Lb, - 671931,FP1416,Inventory,,,1-Ea,,,,,,
Sour Leaf Bunch Ea, - 671834,FP1417,Inventory,,,1-Ea,,,,,,
Mango Leaf 4 Pack, - 671829,FP1422,Inventory,,,1-,,,,,,
Banana Leaf Single, - 671820,FP1425,Inventory,,,30-lb,,,,,,
Eggplant Graffiti Big Per Lb, - 672087,FP1429,Inventory,,,1-Lb,,,,,,
Onion White Pearls 10Oz, - 671923,FP1430,Inventory,,,1-Ea,,,,,,
Onion Green Per Lb, - ,FP1431,Inventory,,,1-Lb,,,,,,
Raspberry Box, - 671894,FP1432,Inventory,,,1-,,,,,,
Carrot Per Lb,Carrot Box Cliptop 50# - 671962,FP1433,Inventory,,,50-Lb,,,,,,
Apni Mandi Cut Zucchini Per Lb, - ,FP1434,Inventory,,,1-,,,,,,
Apni Mandi Cut RamTori Per lb, - ,FP1435,Inventory,,,1-,,,,,,
Napa Talley, - 671831,FP1436,Inventory,,,1-,,,,,,
Mustard China, - 671865,FP1437,Inventory,,,24-Ea,,,,,,
Beet With Leaves, - 671888,FP1438,Inventory,,,1-,,,,,,
Carrot With Leaves, - 671961,FP1439,Inventory,,,1-,,,,,,
Radish With Leaves,Radish 48 ICED  Bunched - 672044,FP1440,Inventory,,,48-,,,,,,
Eggplant Apni Mandi Cut Per Lb, - ,FP1441,Inventory,,,1-,,,,,,
Pear D'Anjou , - 671973,FP1442,Inventory,,,40-Lb,,,,,,
All Natural Soybean Sprouts 12Oz, - ,FP1443,Inventory,,,1-,,,,,,
Apni Mandi Cut Opo Per lb, - ,FP1444,Inventory,,,1-,,,,,,
Avocados Bag, - 671787,FP1445,Inventory,,,12-ct,,,,,,
Potato Marble 24Oz Ea, - 671994,FP1446,Inventory,,,1-Ea,,,,,,
Carrot Apni Mandi Cut Indian Per Lb, - ,FP1447,Inventory,,,1-,,,,,,
Apni Mandi Cut Chinese Bittermelon Per Lb, - ,FP1448,Inventory,,,1-,,,,,,
Chinese Celery/Per Lb, - 671824,FP1449,Inventory,,,1-Lb,,,,,,
Small Gai Choy Per Lb, - 671833,FP1450,Inventory,,,1-Lb,,,,,,
Coconut W/Straw Ea, - 672014,FP1451,Inventory,,,9-Ea,,,,,,
Apple Cosmic Crisp Per Lb, - 671778,FP1452,Inventory,,,40-Lb,,,,,,
Garlic Indian Peeled 1 Lb, - 671783,FP1453,Inventory,,,1-Lb,,,,,,
Thotakura Per Lb,Tandelo leaves 10-12 Lb - 671835,FP1454,Inventory,,,20-Lb,,,,,,
Garlic Indian Peeled 1/2Lb, - 671788,FP1455,Inventory,,,1-Lb,,,,,,
Zucchini Grey Per Lb,Squash Gray - 672033,FP1456,Inventory,,,25-Lb,,,,,,
Apni Mandi Cut Hawaiian Papaya Per Lb, - ,FP1457,Inventory,,,1-,,,,,,
Apni Mandi Cut Pineapple per lb, - ,FP1458,Inventory,,,1-,,,,,,
Cherries Per Lb,Red Cherries 8/2/ Cherry Brooks - 671892,FP1459,Inventory,,,16-Lb,,,,,,
Apni Mandi Cut Mushroom per lb, - ,FP1461,Inventory,,,1-,,,,,,
Mashroom White, - 671913,FP1462,Inventory,,,1-,,,,,,
Red Spinach Bunch Ea, - 672046,FP1463,Inventory,,,1-Ea,,,,,,
Onion Pearl Per Lb, - ,FP1464,Inventory,,,1-Lb,,,,,,
Mango Apni Mandi Cut Per Lb, - ,FP1467,Inventory,,,1-,,,,,,
Apni Mandi Cut Sinqua Per Lb, - ,FP1468,Inventory,,,1-,,,,,,
Apni Mandi Cut Water-Melon Ea, - ,FP1470,Inventory,,,1-,,,,,,
Carrot Apni Mandi & Greenbeans Per Lb, - ,FP1471,Inventory,,,1-,,,,,,
Golden Hemi Per Lb, - 671901,FP1473,Inventory,,,1-Lb,,,,,,
Rambutan Per Lb, - 672097,FP1474,Inventory,,,1-Lb,,,,,,
Squash Bengali Per Lb, - 672050,FP1475,Inventory,,,40-Lb,,,,,,
Water Spinach Per Lb, - 672048,FP1476,Inventory,,,40-Lb,,,,,,
Carrot Kern Ridge Shredded S Pck,TBD -Carrot Matchstick - 671965,FP1477,Inventory,,,20-,,,,,,
Apple Honey Crisp Per Lb, - 671768,FP1478,Inventory,,,40-Lb,,,,,,
Broccoflower Ea, - 671897,FP1479,Inventory,,,1-Ea,,,,,,
Plum Sierra Honey Per Lb, - 671988,FP1480,Inventory,,,1-Lb,,,,,,
Dates Fresh Yellow Per Lb, - 672034,FP1481,Inventory,,,1-Lb,,,,,,
Bok Choy Big Per Lb, - 671822,FP1482,Inventory,,,1-Lb,,,,,,
Apple Pink Lady Per Lb, - 671772,FP1483,Inventory,,,40-Lb,,,,,,
Nectarine White Per Lb, - 671915,FP1484,Inventory,,,18-Lb,,,,,,
Bean Green French S 1Lb, - 671846,FP1485,Inventory,,,1-Lb,,,,,,
Fuyu Persimmon Per Lb, - 672084,FP1486,Inventory,,,30-Lb,,,,,,
Orange Minneola Per Lb, - 671937,FP1487,Inventory,,,1-Lb,,,,,,
Bean Long S(Light Green) Per Lb,Long white beans - 671849,FP1488,Inventory,,,30-Lb,,,,,,
Apni Mandi Cut Dragon Fruit Per lb, - ,FP1489,Inventory,,,1-,,,,,,
Chili Long Per Lb, - 671999,FP1490,Inventory,,,25-Lb,,,,,,
Apple Gala Per Lb,gala 72/ Apple Gala 80 - 671763,FP1495,Inventory,,,40-Lb,,,,,,
Italian Prunes Per Lb, - 672085,FP1496,Inventory,,,1-Lb,,,,,,
Jujube Fresh Per Lb, - 672086,FP1497,Inventory,,,20-Lb,,,,,,
Pear S Bartlett Per Lb,Pears FR 90-150 - 671981,FP1498,Inventory,,,40-Lb,,,,,,
Tomato Tomatillo Per Lb,TBD -TOMATILLO 40# Mexico - 672068,FP1499,Inventory,,,40-Lb,,,,,,
Grapes Sunview Per Lb, - 671811,FP1500,Inventory,,,1-Lb,,,,,,
Asparagus Per Lb, - ,FP1501,Inventory,,,1-Lb,,,,,,
Pumpkin Halloween Small , - 672040,FP1502,Inventory,,,1-,,,,,,
Pumpkin Halloween Medium , - 672039,FP1503,Inventory,,,1-,,,,,,
Pumpkin Hallowen Large , - 672042,FP1504,Inventory,,,1-,,,,,,
Corn Bunch(3) Halloween, - 672024,FP1505,Inventory,,,1-,,,,,,
Pumpkin Halloween Toy , - 672041,FP1506,Inventory,,,1-,,,,,,
Plumcot -Plum Cherry Per Lb, - 671989,FP1507,Inventory,,,1-Lb,,,,,,
Plum Green Per Lb, - 671985,FP1508,Inventory,,,18-Lb,,,,,,
Apple Juici Per Lb, - 671779,FP1509,Inventory,,,1-Lb,,,,,,
Honey Pomelo Ea, - 671904,FP1510,Inventory,,,1-Ea,,,,,,
Apni Mandi Cut Long Beans per lb, - ,FP1511,Inventory,,,1-,,,,,,
Apple Autumn Glory Per Lb, - 671777,FP1512,Inventory,,,40-Lb,,,,,,
Pear Crown S Per Lb, - 671972,FP1513,Inventory,,,1-Lb,,,,,,
Pear Shinko Brown S Per Lb,Shingo Pear 3x8 Korean Brown - 671983,FP1514,Inventory,,,1-Lb,,,,,,
Fresh Marigold Flower Bouqet, - 672106,FP1515,Inventory,,,1-,,,,,,
Pomelo Per Lb, - 671908,FP1516,Inventory,,,1-Lb,,,,,,
Orange Mandarin Satsuma Per Lb,"Tangerines , Satsuma 22LB/ Mandarin/ Tangerines Tango - 671941",FP1517,Inventory,,,22-Lb,,,,,,
Orange Tangerine With Leaves Per Lb,Tangerines S&L Large - 671944,FP1518,Inventory,,,22-Lb,,,,,,
Fresh Jicama Per Lb, - 672082,FP1519,Inventory,,,30-Lb,,,,,,
Without Shell Walnut Per Lb, - 672071,FP1520,Inventory,,,1-Lb,,,,,,
Sugarcane Ea, - 672103,FP1521,Inventory,,,10-Ea,,,,,,
Mango Mambo 9Pcs Ea, - 671882,FP1522,Inventory,,,1-Ea,,,,,,
Pear Golden S Box, - 671975,FP1523,Inventory,,,1-,,,,,,
Pear Brown Pack Of 3,Brown Pear Clam 3*8 - 671964,FP1524,Inventory,,,1-,,,,,,
Apni Mandi Pomegranate Cup, - ,FP1525,Inventory,,,1-,,,,,,
Squash Yellow Per Lb, - 672031,FP1526,Inventory,,,1-Lb,,,,,,
Apple Kissable 2Lb Bag, - 671771,FP1527,Inventory,,,1-,,,,,,
Grapefruit Cocktail Per Lb, - 671802,FP1528,Inventory,,,1-Lb,,,,,,
Coconut Dried Whole 0.454 Kg/1Lb, - ,FP1529,Inventory,,,1-Lb,,,,,,
Eggplant Thai Big Per Lb, - 672096,FP1530,Inventory,,,1-Lb,,,,,,
Avocado 2 For $1, - ,FP1531,Inventory,,,1-,,,,,,
Brussel Sprouts Stalk Ea, - 671900,FP1532,Inventory,,,1-Ea,,,,,,
Banana Baby Manzano Per Lb, - 671804,FP1533,Inventory,,,15-Lb,,,,,,
Apple Jazz Per Lb, - 671769,FP1534,Inventory,,,1-Lb,,,,,,
Onion Green 3 F0R 1, - 671920,FP1535,Inventory,,,1-,,,,,,
Apple Sweetie Per Lb, - 671776,FP1536,Inventory,,,40-Lb,,,,,,
Apple Kissabel Per Lb, - 671770,FP1537,Inventory,,,40-Lb,,,,,,
Orange Cara Cara Per Lb, - 671939,FP1538,Inventory,,,40-Lb,,,,,,
Cilantro 3 For 1, - ,FP1539,Inventory,,,1-,,,,,,
Pear French Butter S Per Lb, - 671974,FP1540,Inventory,,,1-Lb,,,,,,
Fresh Tamarind, - 672083,FP1541,Inventory,,,40-Lb,,,,,,
Mango Green Baby Per Lb, - 671880,FP1542,Inventory,,,20-Lb,,,,,,
Chikoo/ Sapote Per Lb, - 672077,FP1543,Inventory,,,25-Lb,,,,,,
, - ,FP1544,Inventory,,,1-,,,,,,
Tofu Wo Chong Firm,TBD -Tofu- Firm Cello - 672062,FP1560,Inventory,,,12-Ea,,,,,,
Tofu Wo Chong Soft , - 672063,FP1561,Inventory,,,12-Ea,,,,,,
Apple Rave Per Lb, - 671773,FP1562,Inventory,,,40-Lb,,,,,,
Apple Fuji China Per Lb , - 671761,FP1563,Inventory,,,20-Lb,,,,,,
Green Leaf Lettuce ,Leaf-Green 24s - 671856,FP1564,Inventory,,,24-Ea,,,,,,
Grapefruits Per Lb , - 671803,FP1565,Inventory,,,40-Lb,,,,,,
Pear S Asian Per Lb , - 671980,FP1566,Inventory,,,20-Lb,,,,,,
Bean Romano Per Lb , - 671808,FP1568,Inventory,,,1-Lb,,,,,,
Lime 5 For $1, - ,FP1569,Inventory,,,1-,,,,,,
Apple Ambrosia Per Lb , - 671759,FP1570,Inventory,,,40-Lb,,,,,,
Orange Mandarin Murcott Per Lb ,"Mandarin, Tangerine 6/5 LB - 671935",FP1571 ,Inventory,,,22-Lb,,,,,,
Grapes Clamshell Black 3Lb, - 671797,FP1572,Inventory,,,6-Ea,,,,,,
Apple Gala Organic Per Lb, - 671764,FP1573,Inventory,,,40-Lb,,,,,,
Apple Fuji Organic Per Lb , - 671762,FP1574,Inventory,,,40-Lb,,,,,,
Coconut White Each , - 672015,FP1575,Inventory,,,20-Ea,,,,,,
Guava Mexican Per Lb, - 671814,FP1576,Inventory,,,20-Lb,,,,,,
Grapes Candy Red Box Ea, - 671798,FP1577,Inventory,,,10-Ea,,,,,,
Breadfruit Per Lb , - 672074,FP1578,Inventory,,,40-Lb,,,,,,
Pomegranate Airls 4Oz, - 671991,FP1579,Inventory,,,12-Ea,,,,,,
Squash Moqua Per Lb , - 672060,FP1580,Inventory,,,40-Lb,,,,,,
Pear Bosc Per Lb, - 671979,FP1581,Inventory,,,40-Lb,,,,,,
Graped Candy Red Heart 3Lb, - 671799,FP1582,Inventory,,,6-Ea,,,,,,
Dragon Fruit Yellow Ea, - 672080,FP1583,Inventory,,,7-Ea,,,,,,
Orange Mandarin With Leaves Per Lb , - 671936,FP1584,Inventory,,,22-Lb,,,,,,
Galanga Root Per Lb , - ,FP1585,Inventory,,,28-Lb,,,,,,
Lotus Root Per Lb , - ,FP1586,Inventory,,,40-Lb,,,,,,
Artichoke Each, - ,FP1587,Inventory,,,30-Ea,,,,,,
Bean Sprouts Pack Each , - ,FP1588,Inventory,,,25-Ea,,,,,,
Mitake Mushroom Each, - ,FP1589,Inventory,,,24-Ea,,,,,,
Shitake Mushroom Per Lb , - ,FP1590,Inventory,,,5-Lb,,,,,,
Parsnip Per Lb , - ,FP1591,Inventory,,,20-Lb,,,,,,
Snow Tip Leaves Per Lb, - ,FP1592,Inventory,,,10-Lb,,,,,,
Mango Steen Bag Each , - ,FP1593,Inventory,,,7-Ea,,,,,,
Cabbage Taiwan Per Lb, - ,FP1594,Inventory,,,40-Lb,,,,,,
Apple Koru Per Lb , - ,FP1595,Inventory,,,30-Lb,,,,,,
Lime 3 For $1, - ,FP1596,Inventory,,,1-,,,,,,
Orange Tangerine Honey Per Lb , - 672424,FP1597,Inventory,,,40-Lb,,,,,,
Lime 4 For $1, - ,FP1598,Inventory,,,200-Ea,,,,,,
Mango Champagne Box Ea, - 672450,FP1599,Inventory,,,14-Ea,,,,,,
Mango Champagne Ea,Mango Champagne each piece youâ€™d not need as we do not buy in per piece - 672451,FP1600,Inventory,,,14-Ea,,,,,,
Mango Atulfo Box 16Ct , - 672473,FP1601,Inventory,,,1-Ea,,,,,,
Mango Atulfo Box 18Ct , - 672474,FP1602,Inventory,,,1-Ea,,,,,,
Mango Atulfo Each , - ,FP1603,Inventory,,,14-Ea,,,,,,
Apple Evercrisp Per Lb , - 672475,FP1604,Inventory,,,24-Lb,,,,,,
Blueberry Box 510G, - ,FP1605,Inventory,,,12-Ea,,,,,,
Singoda Pack Each, - 672476,FP1606,Inventory,,,20-Ea,,,,,,
Peeled Sugarcane Pack , - 672477,FP1607,Inventory,,,30-Ea,,,,,,
Pear Crown 4Ct Box, - 672479,FP1608,Inventory,,,12-Ea,,,,,,
Pomegranate Indian Per Lb, - 672478,FP1609,Inventory,,,8-Lb,,,,,,
Apple Braeburn, - ,FP1610,Inventory,,,40-Lb,,,,,,
Orange Tangerine Golden Nugget, - ,FP1611,Inventory,,,25-Lb,,,,,,
Taro Root 38-40 Lbs, - ,FP1612,Inventory,,,40-Lb,,,,,,
Papaya Papaya 30Lb,  - ,FP1613,Inventory,,,40-Lb,,,,,,
Mango Haden Box 12 Ct , - 672522,FP1614,Inventory,,,1-Ea,,,,,,
Orange Tangerine Baby Per Lb , - 672521,FP1615,Inventory,,,25-Lb,,,,,,
Cucumber English 3 For $1, - ,FP1616,Inventory,,,12-Ea,,,,,,
Cilantro 2 For1, - ,FP1617,Inventory,,,60-Ea,,,,,,
Mango Nam Dok Mai 16Ct, - 672601,FP1618,Inventory,,,1-Ea,,,,,,
Sitaphal Per Lb , - 672608,FP1619,Inventory,,,30-Lb,,,,,,
Mango Alphonso Box , - 672609,FP1620,Inventory,,,1-Ea,,,,,,
Mango Kesar Box , - 672610,FP1621,Inventory,,,11-Ea,,,,,,
Mango Ataulfo 14 Ct , - ,FP1622,Inventory,,,14-Ea,,,,,,
Almond Shelled Per Lb , - 672687,FP1623,Inventory,,,25-Lb,,,,,,
Plum Yellow Per Lb , - 672688,FP1624,Inventory,,,16-Lb,,,,,,
Saag Chana Each , - 672689,FP1625,Inventory,,,20-Ea,,,,,,
Mango Ratnagiri Alphonso Box , - 672739,FP1626,Inventory,,,1-Ea,,,,,,
Chilli Pasilla per lb , - 672755,FP1627,Inventory,,,20-Lb,,,,,,
Pear Forelle per lb , - 672758,FP1628,Inventory,,,20-Lb,,,,,,
Leaves Chulai bunch, - ,FP1629,Inventory,,,12-Ea,,,,,,
Mango Bangnapalli Box, - 672803,FP1630,Inventory,,,1-Ea,,,,,,
Mango Atulfo Box 24ct, - 672838,FP1631,Inventory,,,1-Ea,,,,,,
Mango Rasalu box, - 672847,FP1632,Inventory,,,1-Ea,,,,,,
Mango Tree Riped Per lb , - 672854,FP1633,Inventory,,,20-Lb,,,,,,
Lettuce Red Leaf Ea, - 672857,FP1634,Inventory,,,24-Ea,,,,,,
Mango Manila box 22ct, - 672855,FP1635,Inventory,,,1-Ea,,,,,,
NION, - 672856,FP1636,Inventory,,,1-Ea,,,,,,
Mango Rajapuri box, - 672860,FP1638,Inventory,,,1-Ea,,,,,,
Mango Mingolo box8ct,Mingolo Mango - 672861,FP1639,Inventory,,,1-Ea,,,,,,
Apple Sunrise Magic Per lb, - 672869,FP1640,Inventory,,,40-lb,,,,,,
Mango Tommy 12CT,Mango 12 CT - 672884,FP1641,Inventory,,,1-Ea,,,,,,
Mango Atulfo Organic 16CT, - 672885,FP1642,Inventory,,,1-Ea,,,,,,
Onion Green 2 For 1, - ,FP1643,Inventory,,,48-Ea,,,,,,
Mango Atulfo Box 20ct, - 672888,FP1644,Inventory,,,1-Ea,,,,,,
Tomato Cherry Per lb , - 672905,FP1645,Inventory,,,20-Lb,,,,,,
Mango Alphonso Mini Box , - 672912,FP1646,Inventory,,,1-Ea,,,,,,
Mango Langda Box, - 672913,FP1647,Inventory,,,1-Ea,,,,,,
Mango Himayat Box, - 672914,FP1648,Inventory,,,1-Ea,,,,,,
Mango ZZ banganpalli Box,Banganpalli Mango - 672915,FP1649,Inventory,,,1-Ea,,,,,,
Mango ZZ Kesar Box,Kesar Mango - 672973,FP1650,Inventory,,,1-Ea,,,,,,
Apni Mandi Cut Daikon, - ,FP1651,Inventory,,,-,,,,,,
Apni Mandi Cut Fruit Mix, - ,FP1652,Inventory,,,-,,,,,,
Apni Mandi Cut Honeydew Melon, - ,FP1653,Inventory,,,-,,,,,,
Mango Malika Box, - 672978,FP1654,Inventory,,,1-Ea,,,,,,
Coconut Pooja Ea, - ,FP1655,Inventory,,,20-Ea,,,,,,
Mango Payari Box, - ,FP1656,Inventory,,,1-Ea,,,,,,
Mango Zz Himayat Box, - ,FP1657,Inventory,,,1-Ea,,,,,,
Desi papdi per lb, - ,FP1658,Inventory,,,20-Lb,,,,,,
Ponnagani Keerai Leaves, - ,FP1659,Inventory,,,24-Ea,,,,,,
Manathakali Leaves , - ,FP1660,Inventory,,,24-Ea,,,,,,
bachalikura Leaves per lb , - ,FP1661,Inventory,,,30-lb,,,,,,
Mango Atulfo Organic 14ct, - ,FP1662,Inventory,,,1-ea,,,,,,
Mango Manila 14ct, - ,FP1663,Inventory,,,1-ea,,,,,,
Mango Kent 7ct, - ,FP1664,Inventory,,,1-ea,,,,,,
Mango Atulfo 12ct, - ,FP1665,Inventory,,,1-ea,,,,,,
Mango Atulfo 14ct, - ,FP1666,Inventory,,,1-ea,,,,,,
Mango Columbia Box, - ,FP1667,Inventory,,,1-,,,,,,
Mango Atulfo Organic 18ct, - ,FP1668,Inventory,,,1-ea,,,,,,
Guamuchil Per Lb, - ,FP1669,Inventory,,,30-Lb,,,,,,
Mango Tommy 10CT, - ,FP1670,Inventory,,,1-Ea,,,,,,
Mango ZZ Langra Box, - ,FP1671,Inventory,,,1-Ea,,,,,,
Mango ZZ Dasehri Box, - ,FP1672,Inventory,,,1-Ea,,,,,,
Mango Atulfo 10CT Box, - ,FP1673,Inventory,,,1-Ea,,,,,,